Loan Name,Type Loan Name
Loan Purpose Description,Type Loan Purpose Description
Loan Number,Type Loan Number
Proposed Loan Amount,Type Proposed Loan Amount
Purpose Code,Type or Select Purpose Code
Relationship Manager,Type or Select Relationship Manager
Portfolio Manager,Type or Select Portfolio Manager
Application Date,MM/DD/YYYY
Projected Closing Date,MM/DD/YYYY
Assigned To,Type or Select Assigned To
Borrower Contacts,Type or Select Borrower Contacts
Source,Type or Select Source
Branch,Type or Select Branch
Projected Maturity Date,MM/DD/YYYY
Projected Expiry Date,MM/DD/YYYY
