Loan Name,UIAuto loan
Loan Purpose Description,987654321
Proposed Loan Amount,9229002.44
Purpose Code,CO - Construction
Relationship Manager,UiAuto Admin
Portfolio Manager,UiAuto Portfolio Manager
Application Date,Today Date
Projected Closing Date,Today Date
Stage Assignee,Individual
Assigned To,UiAuto Admin
Loan Type,Commercial and Industrial (C&I)
Loan Product,Oil and Gas
Loan Category,-
Loan Structure,Revolving Line of Credit
Borrower Contacts,"Automatic-0,Automatic-1"
Source,Online
Branch,BTM
Projected Maturity Date,Today Date
Projected Expiry Date,Today Date
